date,so2,no2,rspm,spm
2004-01-02,8.0,42.0,198.5,324.0
2004-01-03,8.0,42.0,188.734,321.6
2004-01-04,8.0,42.0,178.968,319.2
2004-01-05,8.0,42.0,169.202,316.8
2004-01-06,8.0,42.0,159.43599999999998,314.4
2004-01-07,8.0,42.0,149.67,312.0
2004-01-08,8.0,42.0,147.036,321.6
2004-01-09,8.0,42.0,144.402,331.2
2004-01-10,8.0,42.0,141.768,340.8
2004-01-11,8.0,42.0,139.134,350.4
2004-01-12,8.0,42.0,136.5,360.0
2004-01-13,8.0,42.0,160.55666666666667,356.0
2004-01-14,8.0,42.0,184.61333333333332,352.0
2004-01-15,8.0,42.0,208.67,348.0
2004-01-16,8.0,42.0,216.036,364.2
2004-01-17,8.0,42.0,223.402,380.4
2004-01-18,8.0,42.0,230.768,396.6
2004-01-19,8.0,42.0,238.134,412.8
2004-01-20,8.0,42.0,245.5,429.0
2004-01-21,8.0,42.0,225.0,423.0
2004-01-22,8.0,42.0,204.5,417.0
2004-01-23,8.0,42.0,184.0,411.0
2004-01-24,8.0,42.0,176.11166666666668,384.0
2004-01-25,8.0,42.0,168.22333333333333,357.0
2004-01-26,8.0,42.0,160.33499999999998,330.0
2004-01-27,8.0,42.0,152.44666666666666,303.0
2004-01-28,8.0,42.0,144.55833333333334,276.0
2004-01-29,8.0,42.0,136.67,249.0
2004-01-30,8.0,42.0,136.3357142857143,256.2857142857143
2004-01-31,8.0,42.0,136.00142857142856,263.57142857142856
2004-02-01,8.0,42.0,135.66714285714286,270.85714285714283
2004-02-02,8.0,42.0,135.33285714285714,278.14285714285717
2004-02-03,8.0,42.0,134.99857142857144,285.42857142857144
2004-02-04,8.0,42.0,134.6642857142857,292.7142857142857
2004-02-05,8.0,42.0,134.33,300.0
2004-02-06,8.0,42.0,133.33,288.6
2004-02-07,8.0,42.0,132.33,277.2
2004-02-08,8.0,42.0,131.33,265.8
2004-02-09,8.0,42.0,130.33,254.4
2004-02-10,8.0,42.0,129.33,243.0
2004-02-11,8.0,42.0,133.22,281.6666666666667
2004-02-12,8.0,42.0,137.11,320.3333333333333
2004-02-13,8.0,42.0,141.0,359.0
2004-02-14,8.0,42.0,142.5,353.5
2004-02-15,8.0,42.0,144.0,348.0
2004-02-16,8.0,42.0,145.5,342.5
2004-02-17,8.0,42.0,147.0,337.0
2004-02-18,8.0,42.0,148.5,331.5
2004-02-19,8.0,42.0,150.0,326.0
2004-02-20,8.0,42.0,139.066,324.0
2004-02-21,8.0,42.0,128.132,322.0
2004-02-22,8.0,42.0,117.198,320.0
2004-02-23,8.0,42.0,106.264,318.0
2004-02-24,8.0,42.0,95.33,316.0
2004-02-25,8.0,42.0,96.16333333333333,310.5
2004-02-26,8.0,42.0,96.99666666666667,305.0
2004-02-27,8.0,42.0,97.83,299.5
2004-02-28,8.0,42.0,98.66333333333333,294.0
2004-02-29,8.0,42.0,99.49666666666667,288.5
2004-03-01,8.0,42.0,100.33,283.0
2004-03-02,8.0,42.0,103.9975,277.5
2004-03-03,8.0,42.0,107.66499999999999,272.0
2004-03-04,8.0,42.0,111.3325,266.5
2004-03-05,8.0,42.0,115.0,261.0
2004-03-06,8.0,42.0,115.0,261.2
2004-03-07,8.0,42.0,115.0,261.4
2004-03-08,8.0,42.0,115.0,261.6
2004-03-09,8.0,42.0,115.0,261.8
2004-03-10,8.0,42.0,115.0,262.0
2004-03-11,8.0,42.0,113.2,263.25
2004-03-12,8.0,42.0,111.4,264.5
2004-03-13,8.0,42.0,109.6,265.75
2004-03-14,8.0,42.0,107.8,267.0
2004-03-15,8.0,42.0,106.0,268.25
2004-03-16,8.0,42.0,100.44333333333333,269.5
2004-03-17,8.0,42.0,94.88666666666667,270.75
2004-03-18,8.0,42.0,89.33,272.0
2004-03-19,8.0,42.0,165.864,337.8
2004-03-20,8.0,42.0,242.39800000000002,403.6
2004-03-21,8.0,42.0,318.932,469.4
2004-03-22,8.0,42.0,395.466,535.2
2004-03-23,8.0,42.0,472.0,601.0
2004-03-24,8.0,42.0,481.67,718.0
2004-03-25,8.0,42.0,411.33,539.0
2004-03-26,8.0,42.0,378.0,451.0
2004-03-27,8.0,42.0,469.33,651.0
2004-03-28,8.0,42.0,409.83,609.3333333333334
2004-03-29,8.0,42.0,350.33,567.6666666666666
2004-03-30,8.0,42.0,290.83,526.0
2004-03-31,8.0,42.0,231.32999999999998,484.33333333333337
2004-04-01,8.0,42.0,171.82999999999998,442.6666666666667
2004-04-02,8.0,42.0,112.33,401.0
2004-04-03,8.0,42.0,121.93,390.2
2004-04-04,8.0,42.0,131.53,379.4
2004-04-05,8.0,42.0,141.13,368.6
2004-04-06,8.0,42.0,150.73000000000002,357.8
2004-04-07,8.0,42.0,160.33,347.0
2004-04-08,8.0,42.0,152.72,403.3333333333333
2004-04-09,8.0,42.0,145.11,459.6666666666667
2004-04-10,8.0,42.0,137.5,516.0
2004-04-11,8.0,42.0,129.89000000000001,572.3333333333334
2004-04-12,8.0,42.0,122.28,628.6666666666667
2004-04-13,8.0,42.0,114.67,685.0
2004-04-14,8.0,42.0,116.61333333333333,649.6666666666666
2004-04-15,8.0,42.0,118.55666666666667,614.3333333333334
2004-04-16,8.0,42.0,120.5,579.0
2004-04-17,8.0,42.0,122.44333333333333,543.6666666666666
2004-04-18,8.0,42.0,124.38666666666667,508.3333333333333
2004-04-19,8.0,42.0,126.33,473.0
2004-04-20,8.0,42.0,124.55333333333333,483.6666666666667
2004-04-21,8.0,42.0,122.77666666666667,494.3333333333333
2004-04-22,8.0,42.0,121.0,505.0
2004-04-23,8.0,42.0,121.934,463.0
2004-04-24,8.0,42.0,122.868,421.0
2004-04-25,8.0,42.0,123.802,379.0
2004-04-26,8.0,42.0,124.736,337.0
2004-04-27,8.0,42.0,125.67,295.0
2004-04-28,8.0,42.0,123.83625,277.0
2004-04-29,8.0,42.0,122.0025,259.0
2004-04-30,8.0,42.0,120.16875,241.0
2004-05-01,8.0,42.0,118.33500000000001,223.0
2004-05-02,8.0,42.0,116.50125,205.0
2004-05-03,8.0,42.0,114.6675,187.0
2004-05-04,8.0,42.0,112.83375,169.0
2004-05-05,8.0,42.0,111.0,151.0
2004-05-06,8.0,42.0,125.5,218.16666666666669
2004-05-07,8.0,42.0,140.0,285.33333333333337
2004-05-08,8.0,42.0,154.5,352.5
2004-05-09,8.0,42.0,169.0,419.6666666666667
2004-05-10,8.0,42.0,183.5,486.83333333333337
2004-05-11,8.0,42.0,198.0,554.0
2004-05-12,8.0,42.0,160.33333333333334,541.0666666666667
2004-05-13,8.0,42.0,122.66666666666667,528.1333333333333
2004-05-14,8.0,42.0,85.0,515.2
2004-05-15,8.0,42.0,119.466,502.26666666666665
2004-05-16,8.0,42.0,153.932,489.3333333333333
2004-05-17,8.0,42.0,188.39799999999997,476.4
2004-05-18,8.0,42.0,222.86399999999998,463.4666666666667
2004-05-19,8.0,42.0,257.33,450.5333333333333
2004-05-20,8.0,42.0,260.664,437.6
2004-05-21,8.0,42.0,263.998,424.66666666666663
2004-05-22,8.0,42.0,267.332,411.73333333333335
2004-05-23,8.0,42.0,270.666,398.8
2004-05-24,8.0,42.0,274.0,385.8666666666667
2004-05-25,8.0,42.0,207.66666666666669,372.93333333333334
2004-05-26,8.0,42.0,141.33333333333334,360.0
2004-05-27,8.0,42.0,75.0,347.06666666666666
2004-05-28,8.0,42.0,72.16666666666667,334.1333333333333
2004-05-29,8.0,42.0,69.33333333333333,321.2
2004-05-30,8.0,42.0,66.5,308.26666666666665
2004-05-31,8.0,42.0,63.666666666666664,295.3333333333333
2004-06-01,8.0,42.0,60.83333333333333,282.4
2004-06-02,8.0,42.0,58.0,269.46666666666664
2004-06-03,8.0,42.0,59.23076923076923,256.5333333333333
2004-06-04,8.0,42.0,60.46153846153846,243.60000000000002
2004-06-05,8.0,42.0,61.69230769230769,230.66666666666669
2004-06-06,8.0,42.0,62.92307692307692,217.73333333333335
2004-06-07,8.0,42.0,64.15384615384616,204.8
2004-06-08,8.0,42.0,65.38461538461539,191.86666666666667
2004-06-09,8.0,42.0,66.61538461538461,178.93333333333334
2004-06-10,8.0,42.0,67.84615384615384,166.0
2004-06-11,8.0,42.0,69.07692307692308,164.2
2004-06-12,8.0,42.0,70.3076923076923,162.4
2004-06-13,8.0,42.0,71.53846153846155,160.6
2004-06-14,8.0,42.0,72.76923076923077,158.8
2004-06-15,8.0,42.0,74.0,157.0
2004-06-16,8.0,42.0,78.33333333333333,167.66666666666666
2004-06-17,8.0,42.0,82.66666666666667,178.33333333333334
2004-06-18,8.0,42.0,87.0,189.0
2004-06-19,8.0,42.0,135.6,528.2
2004-06-20,8.0,42.0,184.2,867.4
2004-06-21,8.0,42.0,232.8,1206.6
2004-06-22,8.0,42.0,281.4,1545.8
2004-06-23,8.0,42.0,330.0,1885.0
2004-06-24,8.0,42.0,284.8,1542.8
2004-06-25,8.0,42.0,239.6,1200.6
2004-06-26,8.0,42.0,194.39999999999998,858.4000000000001
2004-06-27,8.0,42.0,149.2,516.2
2004-06-28,8.0,42.0,104.0,174.0
2004-06-29,8.0,42.0,97.5,194.75
2004-06-30,8.0,42.0,91.0,215.5
2004-07-01,8.0,42.0,84.5,236.25
2004-07-02,8.0,42.0,78.0,257.0
2004-07-03,8.0,42.0,78.7,274.8
2004-07-04,8.0,42.0,79.4,292.6
2004-07-05,8.0,42.0,80.1,310.4
2004-07-06,8.0,42.0,80.8,328.2
2004-07-07,8.0,42.0,81.5,346.0
2004-07-08,8.0,42.0,98.2,379.2
2004-07-09,8.0,42.0,114.9,412.4
2004-07-10,8.0,42.0,131.6,445.6
2004-07-11,8.0,42.0,148.3,478.8
2004-07-12,8.0,42.0,165.0,512.0
2004-07-13,8.0,42.0,136.0,464.0
2004-07-14,8.0,42.0,107.0,416.0
2004-07-15,8.0,42.0,78.0,368.0
2004-07-16,8.0,42.0,91.1,443.2
2004-07-17,8.0,42.0,104.2,518.4
2004-07-18,8.0,42.0,117.3,593.6
2004-07-19,8.0,42.0,130.4,668.8
2004-07-20,8.0,42.0,143.5,744.0
2004-07-21,8.0,42.0,127.0,704.5294117647059
2004-07-22,8.0,42.0,110.5,665.0588235294117
2004-07-23,8.0,42.0,94.0,625.5882352941177
2004-07-24,8.0,42.0,90.6,586.1176470588235
2004-07-25,8.0,42.0,87.2,546.6470588235294
2004-07-26,8.0,42.0,83.8,507.1764705882353
2004-07-27,8.0,42.0,80.4,467.7058823529412
2004-07-28,8.0,42.0,77.0,428.2352941176471
2004-07-29,8.0,42.0,74.22166666666666,388.7647058823529
2004-07-30,8.0,42.0,71.44333333333333,349.29411764705884
2004-07-31,8.0,42.0,68.66499999999999,309.82352941176475
2004-08-01,8.0,42.0,65.88666666666667,270.3529411764706
2004-08-02,8.0,42.0,63.108333333333334,230.88235294117646
2004-08-03,8.0,42.0,60.33,191.41176470588243
2004-08-04,8.0,42.0,54.443333333333335,151.9411764705883
2004-08-05,8.0,42.0,48.556666666666665,112.47058823529414
2004-08-06,8.0,42.0,42.67,73.0
2004-08-07,8.0,42.0,38.870000000000005,69.4
2004-08-08,8.0,42.0,35.07,65.8
2004-08-09,8.0,42.0,31.270000000000003,62.2
2004-08-10,8.0,42.0,27.470000000000002,58.6
2004-08-11,8.0,42.0,23.67,55.0
2004-08-12,8.0,42.0,26.536,64.2
2004-08-13,8.0,42.0,29.402,73.4
2004-08-14,8.0,42.0,32.268,82.6
2004-08-15,8.0,42.0,35.134,91.8
2004-08-16,8.0,42.0,38.0,101.0
2004-08-17,8.0,42.0,42.0,91.0
2004-08-18,8.0,42.0,46.0,81.0
2004-08-19,8.0,42.0,50.0,71.0
2004-08-20,8.0,42.0,50.6,71.4
2004-08-21,8.0,42.0,51.2,71.8
2004-08-22,8.0,42.0,51.8,72.2
2004-08-23,8.0,42.0,52.4,72.6
2004-08-24,8.0,42.0,53.0,73.0
2004-08-25,8.0,42.0,66.44333333333333,139.66666666666669
2004-08-26,8.0,42.0,79.88666666666667,206.33333333333334
2004-08-27,8.0,42.0,93.33,273.0
2004-08-28,8.0,42.0,89.94166666666666,279.8333333333333
2004-08-29,8.0,42.0,86.55333333333333,286.6666666666667
2004-08-30,8.0,42.0,83.16499999999999,293.5
2004-08-31,8.0,42.0,79.77666666666667,300.3333333333333
2004-09-01,8.0,42.0,76.38833333333334,307.1666666666667
2004-09-02,8.0,42.0,73.0,314.0
2004-09-03,8.0,42.0,73.83333333333333,314.3333333333333
2004-09-04,8.0,42.0,74.66666666666667,314.6666666666667
2004-09-05,8.0,42.0,75.5,315.0
2004-09-06,8.0,42.0,76.33333333333333,315.3333333333333
2004-09-07,8.0,42.0,77.16666666666667,315.6666666666667
2004-09-08,8.0,42.0,78.0,316.0
2004-09-09,8.0,42.0,71.7,314.6
2004-09-10,8.0,42.0,65.4,313.2
2004-09-11,8.0,42.0,59.1,311.8
2004-09-12,8.0,42.0,52.8,310.4
2004-09-13,8.0,42.0,46.5,309.0
2004-09-14,8.0,42.0,46.333333333333336,242.0
2004-09-15,8.0,42.0,46.166666666666664,175.0
2004-09-16,8.0,42.0,46.0,108.0
2004-09-17,8.0,42.0,51.5,123.4
2004-09-18,8.0,42.0,57.0,138.8
2004-09-19,8.0,42.0,62.5,154.2
2004-09-20,8.0,42.0,68.0,169.6
2004-09-21,8.0,42.0,73.5,185.0
2004-09-22,8.0,42.0,78.0,196.66666666666666
2004-09-23,8.0,42.0,82.5,208.33333333333334
2004-09-24,8.0,42.0,87.0,220.0
2004-09-25,8.0,42.0,91.6,246.0
2004-09-26,8.0,42.0,96.2,272.0
2004-09-27,8.0,42.0,100.8,298.0
2004-09-28,8.0,42.0,105.4,324.0
2004-09-29,8.0,42.0,110.0,350.0
2004-09-30,8.0,42.0,101.055,313.0
2004-10-01,8.0,42.0,92.11,276.0
2004-10-02,8.0,42.0,83.16499999999999,239.0
2004-10-03,8.0,42.0,74.22,202.0
2004-10-04,8.0,42.0,65.275,165.0
2004-10-05,8.0,42.0,56.33,128.0
2004-10-06,8.0,42.0,71.88666666666667,176.66666666666666
2004-10-07,8.0,42.0,87.44333333333333,225.33333333333331
2004-10-08,8.0,42.0,103.0,274.0
2004-10-09,8.0,42.0,102.4,253.6
2004-10-10,8.0,42.0,101.8,233.2
2004-10-11,8.0,42.0,101.2,212.8
2004-10-12,8.0,42.0,100.6,192.4
2004-10-13,8.0,42.0,100.0,172.0
2004-10-14,8.0,42.0,109.5,201.4
2004-10-15,8.0,42.0,119.0,230.8
2004-10-16,8.0,42.0,128.5,260.2
2004-10-17,8.0,42.0,138.0,289.6
2004-10-18,8.0,42.0,147.5,319.0
2004-10-19,8.0,42.0,161.33333333333334,315.0
2004-10-20,8.0,42.0,175.16666666666666,311.0
2004-10-21,8.0,42.0,189.0,307.0
2004-10-22,8.0,42.0,175.555,303.0
2004-10-23,8.0,42.0,162.11,299.0
2004-10-24,8.0,42.0,148.665,295.0
2004-10-25,8.0,42.0,135.22,291.0
2004-10-26,8.0,42.0,121.775,287.0
2004-10-27,8.0,42.0,108.33,283.0
2004-10-28,8.0,42.0,110.60833333333333,288.5
2004-10-29,8.0,42.0,112.88666666666667,294.0
2004-10-30,8.0,42.0,115.16499999999999,299.5
2004-10-31,8.0,42.0,117.44333333333333,305.0
2004-11-01,8.0,42.0,119.72166666666666,310.5
2004-11-02,8.0,42.0,122.0,316.0
2004-11-03,8.0,42.0,131.66666666666666,325.3333333333333
2004-11-04,8.0,42.0,141.33333333333334,334.6666666666667
2004-11-05,8.0,42.0,151.0,344.0
2004-11-06,8.0,42.0,155.38916666666665,361.0
2004-11-07,8.0,42.0,159.77833333333334,378.0
2004-11-08,8.0,42.0,164.1675,395.0
2004-11-09,8.0,42.0,168.55666666666667,412.0
2004-11-10,8.0,42.0,172.94583333333333,429.0
2004-11-11,8.0,42.0,177.33499999999998,446.0
2004-11-12,8.0,42.0,181.72416666666666,463.0
2004-11-13,8.0,42.0,186.11333333333332,480.0
2004-11-14,8.0,42.0,190.5025,497.0
2004-11-15,8.0,42.0,194.89166666666665,514.0
2004-11-16,8.0,42.0,199.2808333333333,531.0
2004-11-17,8.0,42.0,203.67,548.0
2004-11-18,8.0,42.0,195.802,524.0
2004-11-19,8.0,42.0,187.934,500.0
2004-11-20,8.0,42.0,180.066,476.0
2004-11-21,8.0,42.0,172.198,452.0
2004-11-22,8.0,42.0,164.33,428.0
2004-11-23,8.0,42.0,154.66333333333336,360.3333333333333
2004-11-24,8.0,42.0,144.99666666666667,292.66666666666663
2004-11-25,8.0,42.0,135.33,225.0
2004-11-26,8.0,42.0,136.18714285714287,243.28571428571428
2004-11-27,8.0,42.0,137.04428571428573,261.57142857142856
2004-11-28,8.0,42.0,137.9014285714286,279.85714285714283
2004-11-29,8.0,42.0,138.75857142857143,298.1428571428571
2004-11-30,8.0,42.0,139.6157142857143,316.42857142857144
2004-12-01,8.0,42.0,140.47285714285715,334.7142857142857
2004-12-02,8.0,42.0,141.33,353.0
2004-12-03,8.0,42.0,133.93,348.8
2004-12-04,8.0,42.0,126.53,344.6
2004-12-05,8.0,42.0,119.13,340.4
2004-12-06,8.0,42.0,111.73,336.2
2004-12-07,8.0,42.0,104.33,332.0
2004-12-08,8.0,42.0,89.33,268.0
2004-12-09,8.0,42.0,74.33,204.0
2004-12-10,8.0,42.0,59.33,140.0
2004-12-11,8.0,42.0,70.73,167.0
2004-12-12,8.0,42.0,82.13,194.0
2004-12-13,8.0,42.0,93.53,221.0
2004-12-14,8.0,42.0,104.93,248.0
2004-12-15,8.0,42.0,116.33,275.0
2004-12-16,8.0,42.0,119.198,271.4
2004-12-17,8.0,42.0,122.06599999999999,267.8
2004-12-18,8.0,42.0,124.934,264.2
2004-12-19,8.0,42.0,127.80199999999999,260.6
2004-12-20,8.0,42.0,130.67,257.0
2004-12-21,8.0,42.0,135.11333333333332,265.0
2004-12-22,8.0,42.0,139.55666666666667,273.0
2004-12-23,8.0,42.0,144.0,281.0
2004-12-24,8.0,42.0,160.4,305.8
2004-12-25,8.0,42.0,176.8,330.6
2004-12-26,8.0,42.0,193.2,355.4
2004-12-27,8.0,42.0,209.6,380.2
2004-12-28,8.0,42.0,226.0,405.0
2004-12-29,8.0,42.0,203.33333333333334,373.8333333333333
2004-12-30,8.0,42.0,180.66666666666666,342.6666666666667
2004-12-31,8.0,42.0,158.0,311.5
2005-01-01,8.0,42.0,135.33333333333331,280.3333333333333
2005-01-02,8.0,42.0,112.66666666666666,249.16666666666666
2005-01-03,8.0,42.0,90.0,218.0
2005-01-04,8.333333333333334,46.0,93.0,216.33333333333334
2005-01-05,8.666666666666666,50.0,96.0,214.66666666666666
2005-01-06,9.0,54.0,99.0,213.0
2005-01-07,8.8,52.6,97.2,227.8
2005-01-08,8.6,51.2,95.4,242.6
2005-01-09,8.4,49.8,93.6,257.4
2005-01-10,8.2,48.4,91.8,272.2
2005-01-11,8.0,47.0,90.0,287.0
2005-01-12,8.0,47.0,80.66666666666667,265.6666666666667
2005-01-13,8.0,47.0,71.33333333333333,244.33333333333334
2005-01-14,8.0,47.0,62.0,223.0
2005-01-15,7.818181818181818,45.63636363636363,65.0909090909091,223.9090909090909
2005-01-16,7.636363636363637,44.27272727272727,68.18181818181819,224.8181818181818
2005-01-17,7.454545454545455,42.90909090909091,71.27272727272728,225.72727272727272
2005-01-18,7.2727272727272725,41.54545454545455,74.36363636363636,226.63636363636363
2005-01-19,7.090909090909091,40.18181818181818,77.45454545454545,227.54545454545453
2005-01-20,6.909090909090909,38.81818181818182,80.54545454545455,228.45454545454547
2005-01-21,6.7272727272727275,37.45454545454545,83.63636363636364,229.36363636363637
2005-01-22,6.545454545454545,36.09090909090909,86.72727272727272,230.27272727272728
2005-01-23,6.363636363636363,34.72727272727273,89.81818181818181,231.1818181818182
2005-01-24,6.181818181818182,33.36363636363637,92.9090909090909,232.0909090909091
2005-01-25,6.0,32.0,96.0,233.0
2005-01-26,5.857142857142857,32.57142857142857,97.71428571428571,239.71428571428572
2005-01-27,5.714285714285714,33.142857142857146,99.42857142857143,246.42857142857142
2005-01-28,5.571428571428571,33.714285714285715,101.14285714285714,253.14285714285714
2005-01-29,5.428571428571429,34.285714285714285,102.85714285714286,259.85714285714283
2005-01-30,5.285714285714286,34.857142857142854,104.57142857142857,266.57142857142856
2005-01-31,5.142857142857143,35.42857142857143,106.28571428571428,273.2857142857143
2005-02-01,5.0,36.0,108.0,280.0
2005-02-02,5.333333333333333,37.333333333333336,112.66666666666667,302.6666666666667
2005-02-03,5.666666666666667,38.666666666666664,117.33333333333333,325.3333333333333
2005-02-04,6.0,40.0,122.0,348.0
2005-02-05,6.0,40.4,117.4,331.8
2005-02-06,6.0,40.8,112.8,315.6
2005-02-07,6.0,41.2,108.2,299.4
2005-02-08,6.0,41.6,103.6,283.2
2005-02-09,6.0,42.0,99.0,267.0
2005-02-10,5.8,41.2,94.0,261.4
2005-02-11,5.6,40.4,89.0,255.8
2005-02-12,5.4,39.6,84.0,250.2
2005-02-13,5.2,38.8,79.0,244.6
2005-02-14,5.0,38.0,74.0,239.0
2005-02-15,5.0,37.666666666666664,74.0,231.0
2005-02-16,5.0,37.333333333333336,74.0,223.0
2005-02-17,5.0,37.0,74.0,215.0
2005-02-18,4.8,36.2,78.6,218.8
2005-02-19,4.6,35.4,83.2,222.6
2005-02-20,4.4,34.6,87.8,226.4
2005-02-21,4.2,33.8,92.4,230.2
2005-02-22,4.0,33.0,97.0,234.0
2005-02-23,4.333333333333333,34.333333333333336,85.0,215.33333333333334
2005-02-24,4.666666666666667,35.666666666666664,73.0,196.66666666666666
2005-02-25,5.0,37.0,61.0,178.0
2005-02-26,5.5,39.833333333333336,65.66666666666667,200.33333333333334
2005-02-27,6.0,42.666666666666664,70.33333333333333,222.66666666666666
2005-02-28,6.5,45.5,75.0,245.0
2005-03-01,7.0,48.333333333333336,79.66666666666667,267.3333333333333
2005-03-02,7.5,51.16666666666667,84.33333333333334,289.66666666666663
2005-03-03,8.0,54.0,89.0,312.0
2005-03-04,7.666666666666667,51.833333333333336,79.0,268.8333333333333
2005-03-05,7.333333333333333,49.666666666666664,69.0,225.66666666666669
2005-03-06,7.0,47.5,59.0,182.5
2005-03-07,6.666666666666667,45.333333333333336,49.0,139.33333333333334
2005-03-08,6.333333333333334,43.16666666666667,39.0,96.16666666666669
2005-03-09,6.0,41.0,29.0,53.0
2005-03-10,6.125,41.375,32.75,72.375
2005-03-11,6.25,41.75,36.5,91.75
2005-03-12,6.375,42.125,40.25,111.125
2005-03-13,6.5,42.5,44.0,130.5
2005-03-14,6.625,42.875,47.75,149.875
2005-03-15,6.75,43.25,51.5,169.25
2005-03-16,6.875,43.625,55.25,188.625
2005-03-17,7.0,44.0,59.0,208.0
2005-03-18,6.8,42.8,60.2,198.6
2005-03-19,6.6,41.6,61.4,189.2
2005-03-20,6.4,40.4,62.6,179.8
2005-03-21,6.2,39.2,63.8,170.4
2005-03-22,6.0,38.0,65.0,161.0
2005-03-23,6.0,39.833333333333336,65.16666666666667,175.0
2005-03-24,6.0,41.666666666666664,65.33333333333333,189.0
2005-03-25,6.0,43.5,65.5,203.0
2005-03-26,6.0,45.333333333333336,65.66666666666667,217.0
2005-03-27,6.0,47.166666666666664,65.83333333333333,231.0
2005-03-28,6.0,49.0,66.0,245.0
2005-03-29,6.75,52.0,64.75,225.0
2005-03-30,7.5,55.0,63.5,205.0
2005-03-31,8.25,58.0,62.25,185.0
2005-04-01,9.0,61.0,61.0,165.0
2005-04-02,9.2,61.8,66.0,201.8
2005-04-03,9.4,62.6,71.0,238.6
2005-04-04,9.6,63.4,76.0,275.4
2005-04-05,9.8,64.2,81.0,312.2
2005-04-06,10.0,65.0,86.0,349.0
2005-04-07,10.0,66.4,95.6,356.8
2005-04-08,10.0,67.8,105.2,364.6
2005-04-09,10.0,69.2,114.8,372.4
2005-04-10,10.0,70.6,124.4,380.2
2005-04-11,10.0,72.0,134.0,388.0
2005-04-12,10.0,71.75,119.75,364.0
2005-04-13,10.0,71.5,105.5,340.0
2005-04-14,10.0,71.25,91.25,316.0
2005-04-15,10.0,71.0,77.0,292.0
2005-04-16,10.0,70.0,73.6,280.6
2005-04-17,10.0,69.0,70.2,269.2
2005-04-18,10.0,68.0,66.8,257.8
2005-04-19,10.0,67.0,63.4,246.4
2005-04-20,10.0,66.0,60.0,235.0
2005-04-21,10.2,67.8,62.6,237.0
2005-04-22,10.4,69.6,65.2,239.0
2005-04-23,10.6,71.4,67.8,241.0
2005-04-24,10.8,73.2,70.4,243.0
2005-04-25,11.0,75.0,73.0,245.0
2005-04-26,10.666666666666666,73.66666666666667,76.0,260.0
2005-04-27,10.333333333333334,72.33333333333333,79.0,275.0
2005-04-28,10.0,71.0,82.0,290.0
2005-04-29,9.666666666666666,67.5,81.83333333333333,287.5
2005-04-30,9.333333333333334,64.0,81.66666666666667,285.0
2005-05-01,9.0,60.5,81.5,282.5
2005-05-02,8.666666666666666,57.0,81.33333333333333,280.0
2005-05-03,8.333333333333334,53.5,81.16666666666667,277.5
2005-05-04,8.0,50.0,81.0,275.0
2005-05-05,8.0,51.8,81.04545454545455,269.6
2005-05-06,8.0,53.6,81.0909090909091,264.2
2005-05-07,8.0,55.4,81.13636363636364,258.8
2005-05-08,8.0,57.2,81.18181818181819,253.4
2005-05-09,8.0,59.0,81.22727272727273,248.0
2005-05-10,8.666666666666666,62.666666666666664,81.27272727272727,254.33333333333334
2005-05-11,9.333333333333334,66.33333333333333,81.31818181818181,260.6666666666667
2005-05-12,10.0,70.0,81.36363636363636,267.0
2005-05-13,9.6,67.2,81.4090909090909,288.6
2005-05-14,9.2,64.4,81.45454545454545,310.2
2005-05-15,8.8,61.6,81.5,331.8
2005-05-16,8.4,58.8,81.54545454545455,353.4
2005-05-17,8.0,56.0,81.5909090909091,375.0
2005-05-18,8.0,55.666666666666664,81.63636363636364,348.6666666666667
2005-05-19,8.0,55.333333333333336,81.68181818181819,322.3333333333333
2005-05-20,8.0,55.0,81.72727272727273,296.0
2005-05-21,8.0,55.5,81.77272727272727,299.8333333333333
2005-05-22,8.0,56.0,81.81818181818181,303.6666666666667
2005-05-23,8.0,56.5,81.86363636363636,307.5
2005-05-24,8.0,57.0,81.9090909090909,311.3333333333333
2005-05-25,8.0,57.5,81.95454545454545,315.1666666666667
2005-05-26,8.0,58.0,82.0,319.0
2005-05-27,8.333333333333334,58.833333333333336,91.16666666666667,319.0
2005-05-28,8.666666666666666,59.666666666666664,100.33333333333333,319.0
2005-05-29,9.0,60.5,109.5,319.0
2005-05-30,9.333333333333334,61.333333333333336,118.66666666666666,319.0
2005-05-31,9.666666666666666,62.166666666666664,127.83333333333333,319.0
2005-06-01,10.0,63.0,137.0,319.0
2005-06-02,10.2,64.2,120.6,328.0
2005-06-03,10.4,65.4,104.2,337.0
2005-06-04,10.6,66.6,87.80000000000001,346.0
2005-06-05,10.8,67.8,71.4,355.0
2005-06-06,11.0,69.0,55.0,364.0
2005-06-07,10.666666666666666,66.66666666666667,55.4,377.3333333333333
2005-06-08,10.333333333333334,64.33333333333333,55.8,390.6666666666667
2005-06-09,10.0,62.0,56.2,404.0
2005-06-10,9.8,61.0,56.6,390.8
2005-06-11,9.6,60.0,57.0,377.6
2005-06-12,9.4,59.0,57.4,364.4
2005-06-13,9.2,58.0,57.8,351.2
2005-06-14,9.0,57.0,58.2,338.0
2005-06-15,8.666666666666666,54.666666666666664,58.6,318.3333333333333
2005-06-16,8.333333333333334,52.333333333333336,59.0,298.6666666666667
2005-06-17,8.0,50.0,59.4,279.0
2005-06-18,8.0,50.0,59.8,326.6
2005-06-19,8.0,50.0,60.2,374.2
2005-06-20,8.0,50.0,60.6,421.8
2005-06-21,8.0,50.0,61.0,469.4
2005-06-22,8.0,50.0,61.4,517.0
2005-06-23,8.0,49.8,61.8,466.6
2005-06-24,8.0,49.6,62.2,416.2
2005-06-25,8.0,49.4,62.6,365.8
2005-06-26,8.0,49.2,63.0,315.4
2005-06-27,8.0,49.0,63.4,265.0
2005-06-28,8.0,47.75,63.8,266.22727272727275
2005-06-29,8.0,46.5,64.2,267.45454545454544
2005-06-30,8.0,45.25,64.6,268.6818181818182
2005-07-01,8.0,44.0,65.0,269.90909090909093
2005-07-02,7.7,42.3,66.0,271.1363636363636
2005-07-03,7.4,40.6,67.0,272.3636363636364
2005-07-04,7.1,38.9,68.0,273.59090909090907
2005-07-05,6.8,37.2,69.0,274.8181818181818
2005-07-06,6.5,35.5,70.0,276.04545454545456
2005-07-07,6.2,33.8,71.0,277.27272727272725
2005-07-08,5.9,32.1,72.0,278.5
2005-07-09,5.6,30.4,73.0,279.72727272727275
2005-07-10,5.300000000000001,28.700000000000003,74.0,280.95454545454544
2005-07-11,5.0,27.0,75.0,282.1818181818182
2005-07-12,5.375,29.5,76.75,283.40909090909093
2005-07-13,5.75,32.0,78.5,284.6363636363636
2005-07-14,6.125,34.5,80.25,285.8636363636364
2005-07-15,6.5,37.0,82.0,287.09090909090907
2005-07-16,6.875,39.5,83.75,288.3181818181818
2005-07-17,7.25,42.0,85.5,289.54545454545456
2005-07-18,7.625,44.5,87.25,290.77272727272725
2005-07-19,8.0,47.0,89.0,292.0
2005-07-20,7.666666666666667,45.666666666666664,104.33333333333333,392.6666666666667
2005-07-21,7.333333333333333,44.333333333333336,119.66666666666667,493.33333333333337
2005-07-22,7.0,43.0,135.0,594.0
2005-07-23,7.0,42.4,130.6,514.6
2005-07-24,7.0,41.8,126.2,435.2
2005-07-25,7.0,41.2,121.8,355.79999999999995
2005-07-26,7.0,40.6,117.4,276.4
2005-07-27,7.0,40.0,113.0,197.0
2005-07-28,6.833333333333333,39.333333333333336,104.0,186.83333333333334
2005-07-29,6.666666666666667,38.666666666666664,95.0,176.66666666666666
2005-07-30,6.5,38.0,86.0,166.5
2005-07-31,6.333333333333333,37.333333333333336,77.0,156.33333333333334
2005-08-01,6.166666666666667,36.666666666666664,68.0,146.16666666666669
2005-08-02,6.0,36.0,59.0,136.0
2005-08-03,6.666666666666667,39.666666666666664,54.666666666666664,147.33333333333334
2005-08-04,7.333333333333333,43.333333333333336,50.333333333333336,158.66666666666666
2005-08-05,8.0,47.0,46.0,170.0
2005-08-06,8.4,48.8,57.6,182.2
2005-08-07,8.8,50.6,69.2,194.4
2005-08-08,9.2,52.4,80.8,206.6
2005-08-09,9.6,54.2,92.4,218.8
2005-08-10,10.0,56.0,104.0,231.0
2005-08-11,9.5,53.5,94.0,216.16666666666666
2005-08-12,9.0,51.0,84.0,201.33333333333334
2005-08-13,8.5,48.5,74.0,186.5
2005-08-14,8.0,46.0,64.0,171.66666666666666
2005-08-15,7.5,43.5,54.0,156.83333333333331
2005-08-16,7.0,41.0,44.0,142.0
2005-08-17,7.0,41.0,60.66666666666667,143.33333333333334
2005-08-18,7.0,41.0,77.33333333333334,144.66666666666666
2005-08-19,7.0,41.0,94.0,146.0
2005-08-20,7.2,42.4,95.8,174.4
2005-08-21,7.4,43.8,97.6,202.8
2005-08-22,7.6,45.2,99.4,231.2
2005-08-23,7.8,46.6,101.2,259.6
2005-08-24,8.0,48.0,103.0,288.0
2005-08-25,8.0,48.8,108.0,307.0
2005-08-26,8.0,49.6,113.0,326.0
2005-08-27,8.0,50.4,118.0,345.0
2005-08-28,8.0,51.2,123.0,364.0
2005-08-29,8.0,52.0,128.0,383.0
2005-08-30,7.75,48.0,114.0,340.0
2005-08-31,7.5,44.0,100.0,297.0
2005-09-01,7.25,40.0,86.0,254.0
2005-09-02,7.0,36.0,72.0,211.0
2005-09-03,6.8,35.2,67.6,203.2
2005-09-04,6.6,34.4,63.2,195.4
2005-09-05,6.4,33.6,58.8,187.6
2005-09-06,6.2,32.8,54.4,179.8
2005-09-07,6.0,32.0,50.0,172.0
2005-09-08,5.875,30.75,48.25,158.25
2005-09-09,5.75,29.5,46.5,144.5
2005-09-10,5.625,28.25,44.75,130.75
2005-09-11,5.5,27.0,43.0,117.0
2005-09-12,5.375,25.75,41.25,103.25
2005-09-13,5.25,24.5,39.5,89.5
2005-09-14,5.125,23.25,37.75,75.75
2005-09-15,5.0,22.0,36.0,62.0
2005-09-16,5.6,26.2,43.0,80.0
2005-09-17,6.2,30.4,50.0,98.0
2005-09-18,6.8,34.6,57.0,116.0
2005-09-19,7.4,38.8,64.0,134.0
2005-09-20,8.0,43.0,71.0,152.0
2005-09-21,7.333333333333333,39.666666666666664,65.33333333333333,143.66666666666666
2005-09-22,6.666666666666667,36.333333333333336,59.666666666666664,135.33333333333334
2005-09-23,6.0,33.0,54.0,127.0
2005-09-24,6.181818181818182,33.72727272727273,57.81818181818182,151.54545454545456
2005-09-25,6.363636363636363,34.45454545454545,61.63636363636364,176.0909090909091
2005-09-26,6.545454545454545,35.18181818181818,65.45454545454545,200.63636363636363
2005-09-27,6.7272727272727275,35.90909090909091,69.27272727272728,225.1818181818182
2005-09-28,6.909090909090909,36.63636363636364,73.0909090909091,249.72727272727275
2005-09-29,7.090909090909091,37.36363636363636,76.9090909090909,274.27272727272725
2005-09-30,7.2727272727272725,38.09090909090909,80.72727272727272,298.8181818181818
2005-10-01,7.454545454545455,38.81818181818182,84.54545454545455,323.3636363636364
2005-10-02,7.636363636363637,39.54545454545455,88.36363636363637,347.90909090909093
2005-10-03,7.818181818181818,40.27272727272727,92.18181818181819,372.4545454545455
2005-10-04,8.0,41.0,96.0,397.0
2005-10-05,8.0,42.333333333333336,100.66666666666667,388.0
2005-10-06,8.0,43.666666666666664,105.33333333333333,379.0
2005-10-07,8.0,45.0,110.0,370.0
2005-10-08,8.142857142857142,45.714285714285715,111.57142857142857,355.7142857142857
2005-10-09,8.285714285714286,46.42857142857143,113.14285714285714,341.42857142857144
2005-10-10,8.428571428571429,47.142857142857146,114.71428571428571,327.1428571428571
2005-10-11,8.571428571428571,47.857142857142854,116.28571428571429,312.85714285714283
2005-10-12,8.714285714285714,48.57142857142857,117.85714285714286,298.57142857142856
2005-10-13,8.857142857142858,49.285714285714285,119.42857142857143,284.2857142857143
2005-10-14,9.0,50.0,121.0,270.0
2005-10-15,9.0,50.0,128.6,301.4
2005-10-16,9.0,50.0,136.2,332.8
2005-10-17,9.0,50.0,143.8,364.2
2005-10-18,9.0,50.0,151.4,395.6
2005-10-19,9.0,50.0,159.0,427.0
2005-10-20,9.2,51.8,178.0,472.2
2005-10-21,9.4,53.6,197.0,517.4
2005-10-22,9.6,55.4,216.0,562.6
2005-10-23,9.8,57.2,235.0,607.8
2005-10-24,10.0,59.0,254.0,653.0
2005-10-25,10.0,60.333333333333336,251.33333333333334,621.0
2005-10-26,10.0,61.666666666666664,248.66666666666666,589.0
2005-10-27,10.0,63.0,246.0,557.0
2005-10-28,9.951470588235294,62.688235294117646,244.72058823529412,554.1470588235294
2005-10-29,9.902941176470588,62.37647058823529,243.44117647058823,551.2941176470588
2005-10-30,9.854411764705882,62.06470588235294,242.16176470588235,548.4411764705883
2005-10-31,9.805882352941177,61.752941176470586,240.88235294117646,545.5882352941177
2005-11-01,9.757352941176471,61.44117647058823,239.60294117647058,542.7352941176471
2005-11-02,9.708823529411765,61.12941176470588,238.3235294117647,539.8823529411765
2005-11-03,9.660294117647059,60.81764705882353,237.0441176470588,537.0294117647059
2005-11-04,9.611764705882353,60.50588235294118,235.76470588235293,534.1764705882352
2005-11-05,9.563235294117646,60.194117647058825,234.48529411764707,531.3235294117648
2005-11-06,9.514705882352942,59.88235294117647,233.2058823529412,528.4705882352941
2005-11-07,9.466176470588236,59.57058823529412,231.9264705882353,525.6176470588235
2005-11-08,9.41764705882353,59.258823529411764,230.64705882352942,522.7647058823529
2005-11-09,9.369117647058824,58.94705882352941,229.36764705882354,519.9117647058823
2005-11-10,9.320588235294117,58.63529411764706,228.08823529411765,517.0588235294117
2005-11-11,9.272058823529411,58.3235294117647,226.80882352941177,514.2058823529412
2005-11-12,9.223529411764705,58.01176470588235,225.52941176470588,511.3529411764706
2005-11-13,9.175,57.7,224.25,508.5
2005-11-14,9.126470588235295,57.38823529411765,222.97058823529412,505.6470588235294
2005-11-15,9.077941176470588,57.076470588235296,221.69117647058823,502.79411764705884
2005-11-16,9.029411764705882,56.76470588235294,220.41176470588235,499.94117647058823
2005-11-17,8.980882352941176,56.45294117647059,219.13235294117646,497.0882352941176
2005-11-18,8.932352941176472,56.141176470588235,217.85294117647058,494.2352941176471
2005-11-19,8.883823529411766,55.82941176470588,216.5735294117647,491.38235294117646
2005-11-20,8.83529411764706,55.51764705882353,215.29411764705884,488.52941176470586
2005-11-21,8.786764705882353,55.205882352941174,214.01470588235293,485.6764705882353
2005-11-22,8.738235294117647,54.89411764705882,212.73529411764707,482.8235294117647
2005-11-23,8.689705882352941,54.58235294117647,211.4558823529412,479.97058823529414
2005-11-24,8.641176470588235,54.27058823529411,210.1764705882353,477.11764705882354
2005-11-25,8.59264705882353,53.95882352941176,208.89705882352942,474.2647058823529
2005-11-26,8.544117647058824,53.647058823529406,207.61764705882354,471.4117647058823
2005-11-27,8.495588235294118,53.33529411764706,206.33823529411765,468.55882352941177
2005-11-28,8.447058823529412,53.023529411764706,205.05882352941177,465.70588235294116
2005-11-29,8.398529411764706,52.71176470588235,203.77941176470588,462.8529411764706
2005-11-30,8.35,52.4,202.5,460.0
2005-12-01,8.301470588235293,52.088235294117645,201.22058823529412,457.1470588235294
2005-12-02,8.25294117647059,51.77647058823529,199.94117647058823,454.29411764705884
2005-12-03,8.204411764705883,51.46470588235294,198.66176470588235,451.44117647058823
2005-12-04,8.155882352941177,51.152941176470584,197.38235294117646,448.5882352941176
2005-12-05,8.10735294117647,50.84117647058823,196.1029411764706,445.7352941176471
2005-12-06,8.058823529411764,50.529411764705884,194.8235294117647,442.88235294117646
2005-12-07,8.010294117647058,50.21764705882353,193.54411764705884,440.02941176470586
2005-12-08,7.961764705882353,49.90588235294118,192.26470588235293,437.1764705882353
2005-12-09,7.913235294117648,49.59411764705882,190.98529411764707,434.3235294117647
2005-12-10,7.864705882352942,49.28235294117647,189.7058823529412,431.47058823529414
2005-12-11,7.8161764705882355,48.970588235294116,188.4264705882353,428.61764705882354
2005-12-12,7.767647058823529,48.65882352941176,187.14705882352942,425.7647058823529
2005-12-13,7.719117647058823,48.34705882352941,185.86764705882354,422.9117647058823
2005-12-14,7.670588235294118,48.035294117647055,184.58823529411765,420.05882352941177
2005-12-15,7.622058823529413,47.7235294117647,183.30882352941177,417.20588235294116
2005-12-16,7.5735294117647065,47.41176470588235,182.02941176470588,414.3529411764706
2005-12-17,7.525,47.099999999999994,180.75,411.5
2005-12-18,7.476470588235294,46.78823529411764,179.47058823529412,408.6470588235294
2005-12-19,7.427941176470588,46.47647058823529,178.19117647058823,405.7941176470588
2005-12-20,7.379411764705883,46.16470588235293,176.91176470588238,402.94117647058823
2005-12-21,7.330882352941177,45.85294117647058,175.63235294117646,400.0882352941177
2005-12-22,7.282352941176471,45.54117647058823,174.3529411764706,397.2352941176471
2005-12-23,7.233823529411765,45.22941176470588,173.0735294117647,394.38235294117646
2005-12-24,7.185294117647059,44.917647058823526,171.79411764705884,391.52941176470586
2005-12-25,7.136764705882353,44.60588235294117,170.51470588235293,388.67647058823525
2005-12-26,7.088235294117648,44.29411764705882,169.23529411764707,385.8235294117647
2005-12-27,7.0397058823529415,43.982352941176465,167.9558823529412,382.97058823529414
2005-12-28,6.991176470588236,43.67058823529412,166.6764705882353,380.11764705882354
2005-12-29,6.94264705882353,43.358823529411765,165.39705882352942,377.2647058823529
2005-12-30,6.894117647058824,43.04705882352941,164.11764705882354,374.4117647058823
2005-12-31,6.845588235294118,42.73529411764706,162.83823529411765,371.55882352941177
2006-01-01,6.797058823529412,42.423529411764704,161.55882352941177,368.70588235294116
2006-01-02,6.748529411764706,42.11176470588235,160.27941176470588,365.8529411764706
2006-01-03,6.7,41.8,159.0,363.0
2006-01-04,6.7,42.3,152.66666666666666,341.3333333333333
2006-01-05,6.7,42.8,146.33333333333334,319.6666666666667
2006-01-06,6.7,43.3,140.0,298.0
2006-01-07,6.7,43.949999999999996,147.16666666666666,326.1666666666667
2006-01-08,6.7,44.6,154.33333333333334,354.3333333333333
2006-01-09,6.7,45.25,161.5,382.5
2006-01-10,6.7,45.9,168.66666666666666,410.6666666666667
2006-01-11,6.7,46.550000000000004,175.83333333333334,438.83333333333337
2006-01-12,6.7,47.2,183.0,467.0
2006-01-13,6.8,47.400000000000006,181.6,460.8
2006-01-14,6.9,47.6,180.2,454.6
2006-01-15,7.0,47.800000000000004,178.8,448.4
2006-01-16,7.1000000000000005,48.0,177.4,442.2
2006-01-17,7.2,48.2,176.0,436.0
2006-01-18,7.133333333333334,48.63333333333333,180.33333333333334,470.0
2006-01-19,7.066666666666666,49.06666666666667,184.66666666666666,504.0
2006-01-20,7.0,49.5,189.0,538.0
2006-01-21,6.96,49.64,196.4,519.8
2006-01-22,6.92,49.78,203.8,501.6
2006-01-23,6.88,49.92,211.2,483.4
2006-01-24,6.84,50.06,218.6,465.2
2006-01-25,6.8,50.2,226.0,447.0
2006-01-26,6.942857142857143,50.55714285714286,219.28571428571428,444.85714285714283
2006-01-27,7.085714285714285,50.91428571428572,212.57142857142858,442.7142857142857
2006-01-28,7.228571428571429,51.27142857142857,205.85714285714286,440.57142857142856
2006-01-29,7.371428571428571,51.62857142857143,199.14285714285714,438.42857142857144
2006-01-30,7.514285714285714,51.98571428571429,192.42857142857144,436.2857142857143
2006-01-31,7.657142857142857,52.34285714285715,185.71428571428572,434.14285714285717
2006-02-01,7.8,52.7,179.0,432.0
2006-02-02,8.08,54.56,190.2,473.0
2006-02-03,8.36,56.42,201.4,514.0
2006-02-04,8.639999999999999,58.28,212.6,555.0
2006-02-05,8.92,60.14,223.8,596.0
2006-02-06,9.2,62.0,235.0,637.0
2006-02-07,9.225,61.75,232.25,609.5
2006-02-08,9.25,61.5,229.5,582.0
2006-02-09,9.275,61.25,226.75,554.5
2006-02-10,9.3,61.0,224.0,527.0
